"","regpro","mrp_A_cbs","mrp_A_cbs_se","mrp_A_abc","mrp_A_abc_se","ua_A_cbs","ua_A_cbs_se","ua_A_abc","ua_A_abc_se","rake_A_cbs","rake_A_cbs_se","rake_A_abc","rake_A_abc_se","rake_race_A_cbs","rake_race_A_cbs_se","rake_race_A_abc","rake_race_A_abc_se","n_sample","n_full"
"1","BC",0.0248396143859072,0.00179974993026089,0.0266556238367177,0.00339248944579441,0.02239336492891,0.00161053632908635,0.0248,0.00439863251477093,0.0229025696572322,0.00172486092072486,0.0218812175784396,0.00422053519605358,0.0209751907952129,0.00160616262463431,0.0286795355453453,0.00576533827612511,8440,NA
"2","AB",0.0511929132803337,0.00238172926576986,0.0261079794891792,0.00389035933093658,0.043164785124751,0.00197944053835433,0.0286085825747724,0.00601149003616589,0.0455952029472338,0.00215503041288286,0.0250513885590842,0.0062871395953438,0.0424296287428541,0.00200901511330736,0.0260929496963469,0.0061427916663579,10541,NA
"3","MB",0.0437936198484645,0.00441835194114195,0.0261745954291884,0.00475275381515676,0.0375532326751839,0.00374067364662523,0.0261780104712042,0.0115529108861045,0.0406403202910846,0.00408652164379735,0.029719535919674,0.0159290925196256,0.0356097822901878,0.00363139241379041,0.0211126987142436,0.00953057278547639,2583,NA
"4","SK",0.0408326126036035,0.00424440208085044,0.0266805661012916,0.00528122211648763,0.0355349555813055,0.00363835531506526,0.0377358490566038,0.0130874876786414,0.0394344770977271,0.00410161979194384,0.0247619138006082,0.0117677284897777,0.0343577040445314,0.00359722849771057,0.031189304398175,0.0111863711665432,2589,NA
"5","ON",0.0307312287989213,0.00126533220548702,0.025378127470572,0.0027617363970255,0.026607813209026,0.00103364939248863,0.0230251505490613,0.00282284798965025,0.0265981592076455,0.00107107905393893,0.0224647112298636,0.00309224732203178,0.0257769992881959,0.00107251134305207,0.0243658577721183,0.0034824183998654,24241,NA
"6","ATL",0.00386543805058793,0.000825892311400743,0.0234265775921298,0.00380468299674251,0.00311577566415218,0.000713693501164841,0.0186666666666667,0.00698917681795164,0.00259645786578189,0.000669398703447983,0.0164846227274617,0.009221742952757,0.00302102886681656,0.00071700827197798,0.0176842343846878,0.00764833042676578,6098,NA
